{
  "FilterHeaders": [
    {
      "Header": "x-goog-update-updater",
      "IncludeInScript": false
    },
    {
      "Header": "x-goog-update-interactivity",
      "IncludeInScript": false
    },
    {
      "Header": "x-goog-update-appid",
      "IncludeInScript": false
    },
    {
      "Header": "user-agent",
      "IncludeInScript": false
    },
    {
      "Header": "upgrade-insecure-requests",
      "IncludeInScript": false
    },
    {
      "Header": "sec-fetch-user",
      "IncludeInScript": false
    },
    {
      "Header": "sec-fetch-site",
      "IncludeInScript": false
    },
    {
      "Header": "sec-fetch-mode",
      "IncludeInScript": false
    },
    {
      "Header": "sec-fetch-dest",
      "IncludeInScript": false
    },
    {
      "Header": "sec-ch-ua-platform",
      "IncludeInScript": false
    },
    {
      "Header": "sec-ch-ua-mobile",
      "IncludeInScript": false
    },
    {
      "Header": "sec-ch-ua",
      "IncludeInScript": false
    },
    {
      "Header": "origin",
      "IncludeInScript": false
    },
    {
      "Header": "cache-control",
      "IncludeInScript": false
    },
    {
      "Header": "accept-language",
      "IncludeInScript": false
    },
    {
      "Header": "accept-encoding",
      "IncludeInScript": false
    },
    {
      "Header": "accept",
      "IncludeInScript": false
    }
  ],
  "FilterResources": [
    {
      "IsNonResource": true,
      "type": "text/html"
    },
    {
      "IsNonResource": false,
      "type": "text/css"
    },
    {
      "IsNonResource": false,
      "type": "image/jpeg"
    },
    {
      "IsNonResource": true,
      "type": "application/json"
    },
    {
      "IsNonResource": false,
      "type": "application/javascript"
    }
  ],
  "GeneralInfo": {
    "BrowserVersion": "",
    "IsWinInetMode": false,
    "MaxUsedConnections": 3,
    "RecordedBrowser": "Chrome",
    "RecordingDate": "Feb-08-2024",
    "RecordingDuration": 115781,
    "RecordingMode": "N/A",
    "RecordingTimeStamp": 1707364579,
    "RecordingType": "Browser",
    "TotalBytesReceived": 415944,
    "TotalBytesSent": 18475,
    "TotalRequests": 12,
    "UserAgent": "Mozilla/5.0 (Windows NT 10.0; Win64; x64) AppleWebKit/537.36 (KHTML, like Gecko) Chrome/121.0.0.0 Safari/537.36"
  },
  "HostInfo": [
    {
      "DomainName": "herokuapp.com",
      "Domains": [
        {
          "HTTPVersion": "HTTP/1.1",
          "IP": "174.129.128.48",
          "IncludeInScript": true,
          "Name": "katalon-demo-cura.herokuapp.com",
          "Port": 443,
          "Requests": [
            {
              "CompressionType": "",
              "DataType": "text/html",
              "DownloadTime": 250,
              "EventId": 169,
              "HttpStatus": 200,
              "Size": 4234,
              "URL": "https://katalon-demo-cura.herokuapp.com/"
            },
            {
              "CompressionType": "",
              "DataType": "text/html",
              "DownloadTime": 250,
              "EventId": 167,
              "HttpStatus": 302,
              "Size": 0,
              "URL": "https://katalon-demo-cura.herokuapp.com/authenticate.php?logout"
            },
            {
              "CompressionType": "",
              "DataType": "text/html",
              "DownloadTime": 734,
              "EventId": 162,
              "HttpStatus": 200,
              "Size": 6660,
              "URL": "https://katalon-demo-cura.herokuapp.com/appointment.php"
            },
            {
              "CompressionType": "",
              "DataType": "text/html",
              "DownloadTime": 234,
              "EventId": 150,
              "HttpStatus": 200,
              "Size": 8280,
              "URL": "https://katalon-demo-cura.herokuapp.com/"
            },
            {
              "CompressionType": "",
              "DataType": "text/html",
              "DownloadTime": 250,
              "EventId": 148,
              "HttpStatus": 302,
              "Size": 0,
              "URL": "https://katalon-demo-cura.herokuapp.com/authenticate.php"
            },
            {
              "CompressionType": "",
              "DataType": "text/html",
              "DownloadTime": 234,
              "EventId": 120,
              "HttpStatus": 200,
              "Size": 7261,
              "URL": "https://katalon-demo-cura.herokuapp.com/profile.php"
            },
            {
              "CompressionType": "",
              "DataType": "text/html",
              "DownloadTime": 235,
              "EventId": 98,
              "HttpStatus": 404,
              "Size": 196,
              "URL": "https://katalon-demo-cura.herokuapp.com/favicon.ico"
            },
            {
              "CompressionType": "",
              "DataType": "image/jpeg",
              "DownloadTime": 468,
              "EventId": 51,
              "HttpStatus": 200,
              "Size": 379361,
              "URL": "https://katalon-demo-cura.herokuapp.com//img/header.jpg"
            },
            {
              "CompressionType": "",
              "DataType": "application/javascript",
              "DownloadTime": 235,
              "EventId": 35,
              "HttpStatus": 200,
              "Size": 1589,
              "URL": "https://katalon-demo-cura.herokuapp.com//js/theme.js"
            },
            {
              "CompressionType": "",
              "DataType": "text/css",
              "DownloadTime": 250,
              "EventId": 18,
              "HttpStatus": 200,
              "Size": 3211,
              "URL": "https://katalon-demo-cura.herokuapp.com//css/theme.css"
            },
            {
              "CompressionType": "",
              "DataType": "text/html",
              "DownloadTime": 235,
              "EventId": 14,
              "HttpStatus": 200,
              "Size": 4234,
              "URL": "https://katalon-demo-cura.herokuapp.com/"
            }
          ],
          "SSLCipher": "ECDHE-RSA-AES128-GCM-SHA256",
          "SSLVersion": "TLS1.2"
        }
      ],
      "IncludeInScript": true
    },
    {
      "DomainName": "googleapis.com",
      "Domains": [
        {
          "HTTPVersion": "HTTP/1.1",
          "IP": "142.250.205.227",
          "IncludeInScript": true,
          "Name": "update.googleapis.com",
          "Port": 443,
          "Requests": [
            {
              "CompressionType": "gzip",
              "DataType": "application/json",
              "DownloadTime": 281,
              "EventId": 144,
              "HttpStatus": 200,
              "Size": 918,
              "URL": "https://update.googleapis.com/service/update2/json?cup2key=13:c5tm6_dCGz4IB3pTvg2tb5fRcg_FqNIdjhKkW5XeQ0A&cup2hreq=324c54e0f091006547908a1a3f302c4a548c34f414fb6c827d2dc535376b9b44"
            }
          ],
          "SSLCipher": "TLS_AES_256_GCM_SHA384",
          "SSLVersion": "TLS1.3"
        }
      ],
      "IncludeInScript": true
    }
  ],
  "WebSocket": {
    "IncludeInScript": false,
    "IsScriptIncludeWebSocket": false
  },
  "NumberOfCorrelations": 1
}