{"OutputFileHashSum":"D85EC35C16689FC21B306E2AA170FC1F4351DF578323C64B2FB98E6D9536AB72","Converted":true,"OutputModifyDate":"2024-02-12T09:22:46.8768039Z","Metadatas":[{"CategoryName":"VuGen.Replay","Offset":2352,"Length":234,"TypeId":1},{"CategoryName":"VuGen.Replay","Offset":2981,"Length":23,"TypeId":2},{"CategoryName":"VuGen.Replay","Offset":3004,"Length":226,"TypeId":1},{"CategoryName":"VuGen.Replay","Offset":4479,"Length":149,"TypeId":3},{"CategoryName":"VuGen.Replay","Offset":4784,"Length":21,"TypeId":2},{"CategoryName":"VuGen.Replay","Offset":5479,"Length":166,"TypeId":3},{"CategoryName":"VuGen.Replay","Offset":5645,"Length":160,"TypeId":3}],"MetadataTypes":[{"CategoryName":"VuGen.Replay","MetadataTypeName":"Utt.Debugger.Warning","Id":1},{"CategoryName":"VuGen.Replay","MetadataTypeName":"HP.LR.Vugen.Iteration","Id":2},{"CategoryName":"VuGen.Replay","MetadataTypeName":"Utt.Debugger.Error","Id":3}]}