[
    {
        "actionName": "Action",
        "steps": [
            {
                "stepId": "STEP2",
                "stepName": "Url: dynamictable",
                "infFile": "t3.inf",
                "time": 1707454857755
            },
            {
                "stepId": "STEP3",
                "stepName": "Custom Request: json",
                "infFile": "t4.inf",
                "time": 1707454858218
            },
            {
                "stepId": "STEP4",
                "stepName": "Url: dynamicid",
                "infFile": "t5.inf",
                "time": 1707454859077
            }
        ],
        "transactions": []
    }
]