[
    {
        "actionName": "Action",
        "steps": [
            {
                "stepId": "STEP1",
                "stepName": "Custom Request: katalon-demo-cura.herokuapp.com",
                "infFile": "t2.inf",
                "time": 1707298641536
            },
            {
                "stepId": "STEP2",
                "stepName": "Custom Request: Login",
                "infFile": "t3.inf",
                "time": 1707298645123
            },
            {
                "stepId": "STEP3",
                "stepName": "Custom Request: json",
                "infFile": "t4.inf",
                "time": 1707298645639
            },
            {
                "stepId": "STEP4",
                "stepName": "Custom Request: authenticate.php",
                "infFile": "t5.inf",
                "time": 1707298648077
            },
            {
                "stepId": "STEP5",
                "stepName": "Custom Request: appointment.php",
                "infFile": "t6.inf",
                "time": 1707298648378
            },
            {
                "stepId": "STEP6",
                "stepName": "Custom Request: Logout",
                "infFile": "t7.inf",
                "time": 1707298648933
            }
        ],
        "transactions": []
    }
]