[
    {
        "actionName": "Action",
        "steps": [
            {
                "stepId": "STEP1",
                "stepName": "Url: katalon-demo-cura.herokuapp.com",
                "infFile": "t1.inf",
                "time": 1707375333429
            },
            {
                "stepId": "STEP2",
                "stepName": "Link: Login",
                "infFile": "t2.inf",
                "time": 1707375334024
            },
            {
                "stepId": "STEP3",
                "stepName": "Custom Request: json",
                "infFile": "t3.inf",
                "time": 1707375334534
            },
            {
                "stepId": "STEP4",
                "stepName": "Submit Data: authenticate.php",
                "infFile": "t4.inf",
                "time": 1707375335171
            },
            {
                "stepId": "STEP5",
                "stepName": "Submit Form: appointment.php",
                "infFile": "t5.inf",
                "time": 1707375335845
            }
        ],
        "transactions": []
    }
]