[
    {
        "actionName": "Action",
        "steps": [
            {
                "stepId": "STEP1",
                "stepName": "Url: reqres.in",
                "infFile": "t1.inf",
                "time": 1707215395813
            },
            {
                "stepId": "STEP2",
                "stepName": "Custom Request: json",
                "infFile": "t2.inf",
                "time": 1707215396783
            },
            {
                "stepId": "STEP3",
                "stepName": "Url: core",
                "infFile": "t3.inf",
                "time": 1707215397668
            },
            {
                "stepId": "STEP4",
                "stepName": "Url: runtime",
                "infFile": "t4.inf",
                "time": 1707215397762
            },
            {
                "stepId": "STEP5",
                "stepName": "Url: flat",
                "infFile": "t5.inf",
                "time": 1707215397823
            },
            {
                "stepId": "STEP6",
                "stepName": "Url: flat_2",
                "infFile": "t6.inf",
                "time": 1707215397892
            },
            {
                "stepId": "STEP7",
                "stepName": "Url: m-outer-3437aaddcdf6922d623e172c2d6f9278.html",
                "infFile": "t7.inf",
                "time": 1707215399093
            },
            {
                "stepId": "STEP8",
                "stepName": "Url: inner.html",
                "infFile": "t8.inf",
                "time": 1707215399399
            },
            {
                "stepId": "STEP9",
                "stepName": "Custom Request: 6",
                "infFile": "t9.inf",
                "time": 1707215400640
            },
            {
                "stepId": "STEP10",
                "stepName": "Custom Request: users",
                "infFile": "t10.inf",
                "time": 1707215400720
            },
            {
                "stepId": "STEP11",
                "stepName": "Custom Request: 2",
                "infFile": "t12.inf",
                "time": 1707215402499
            },
            {
                "stepId": "STEP12",
                "stepName": "Custom Request: users_2",
                "infFile": "t13.inf",
                "time": 1707215403008
            },
            {
                "stepId": "STEP13",
                "stepName": "Custom Request: 2_2",
                "infFile": "t14.inf",
                "time": 1707215403444
            },
            {
                "stepId": "STEP14",
                "stepName": "Custom Request: 2_3",
                "infFile": "t15.inf",
                "time": 1707215403863
            }
        ],
        "transactions": []
    }
]