{
  "FilterHeaders": [
    {
      "Header": "user-agent",
      "IncludeInScript": false
    },
    {
      "Header": "sec-fetch-site",
      "IncludeInScript": false
    },
    {
      "Header": "sec-fetch-mode",
      "IncludeInScript": false
    },
    {
      "Header": "sec-fetch-dest",
      "IncludeInScript": false
    },
    {
      "Header": "sec-ch-ua-platform",
      "IncludeInScript": false
    },
    {
      "Header": "sec-ch-ua-mobile",
      "IncludeInScript": false
    },
    {
      "Header": "sec-ch-ua",
      "IncludeInScript": false
    },
    {
      "Header": "origin",
      "IncludeInScript": false
    },
    {
      "Header": "accept-language",
      "IncludeInScript": false
    },
    {
      "Header": "accept-encoding",
      "IncludeInScript": false
    },
    {
      "Header": "accept",
      "IncludeInScript": false
    }
  ],
  "FilterResources": [
    {
      "IsNonResource": false,
      "type": "image/webp"
    },
    {
      "IsNonResource": false,
      "type": "font/woff2"
    }
  ],
  "GeneralInfo": {
    "BrowserVersion": "",
    "IsWinInetMode": false,
    "MaxUsedConnections": 7,
    "RecordedBrowser": "Chrome",
    "RecordingDate": "Feb-05-2024",
    "RecordingDuration": 22907,
    "RecordingMode": "N/A",
    "RecordingTimeStamp": 1707125161,
    "RecordingType": "Browser",
    "TotalBytesReceived": 85218,
    "TotalBytesSent": 11408,
    "TotalRequests": 16,
    "UserAgent": "Mozilla/5.0 (Windows NT 10.0; Win64; x64) AppleWebKit/537.36 (KHTML, like Gecko) Chrome/121.0.0.0 Safari/537.36"
  },
  "HostInfo": [
    {
      "DomainName": "gstatic.com",
      "Domains": [
        {
          "HTTPVersion": "HTTP/1.1",
          "IP": "142.250.183.227",
          "IncludeInScript": true,
          "Name": "fonts.gstatic.com",
          "Port": 443,
          "Requests": [
            {
              "CompressionType": "",
              "DataType": "font/woff2",
              "DownloadTime": 31,
              "EventId": 349,
              "HttpStatus": 200,
              "Size": 21464,
              "URL": "https://fonts.gstatic.com/s/googlesans/v14/4UaGrENHsxJlGDuGo1OIlL3Owp4.woff2"
            }
          ],
          "SSLCipher": "TLS_AES_256_GCM_SHA384",
          "SSLVersion": "TLS1.3"
        },
        {
          "HTTPVersion": "HTTP/1.1",
          "IP": "142.250.77.174",
          "IncludeInScript": true,
          "Name": "encrypted-tbn3.gstatic.com",
          "Port": 443,
          "Requests": [
            {
              "CompressionType": "",
              "DataType": "image/webp",
              "DownloadTime": 31,
              "EventId": 437,
              "HttpStatus": 200,
              "Size": 3476,
              "URL": "https://encrypted-tbn3.gstatic.com/shopping?q=tbn:ANd9GcSkuAO9eYMuk0TU3OhXYJPkuNGMuUsHoTIlfzhLs2Nhu-upkzY7SUrnCsQZtOfq-Ih5ODNYJ41z10ik8mthtkRTfcQQPFTlbCvj7WW9k5F6rDmtJCKQnkO6"
            },
            {
              "CompressionType": "",
              "DataType": "image/webp",
              "DownloadTime": 46,
              "EventId": 431,
              "HttpStatus": 200,
              "Size": 4060,
              "URL": "https://encrypted-tbn3.gstatic.com/shopping?q=tbn:ANd9GcTeycSHwGsdu_6y2m6Yzl_vBp6FPDhaLBx3bwlq-VsJFvpkN7_6lYOfUBuGoghI5JUUpmON4rV8D6fczViv5HbBfnCIHVlJwTB0GUBDun8"
            },
            {
              "CompressionType": "",
              "DataType": "image/webp",
              "DownloadTime": 47,
              "EventId": 414,
              "HttpStatus": 200,
              "Size": 3558,
              "URL": "https://encrypted-tbn3.gstatic.com/shopping?q=tbn:ANd9GcTrR6HifgVtrvmyOtFrpiBscSbzd7Zgwzh51wdWGtT5clMi8QnGKeo7UDgEbzzWywk_75p0BQRbQYIK8quE30IUG8gMTjrECzAnFXJCP-vw1MzPcCUOytI"
            }
          ],
          "SSLCipher": "",
          "SSLVersion": ""
        },
        {
          "HTTPVersion": "HTTP/1.1",
          "IP": "142.250.193.142",
          "IncludeInScript": true,
          "Name": "encrypted-tbn2.gstatic.com",
          "Port": 443,
          "Requests": [
            {
              "CompressionType": "",
              "DataType": "image/webp",
              "DownloadTime": 31,
              "EventId": 504,
              "HttpStatus": 200,
              "Size": 3336,
              "URL": "https://encrypted-tbn2.gstatic.com/shopping?q=tbn:ANd9GcRXxacajnuxGDL6-DGFgOKH8Lqv-Jz4rVX3SMMjYSlMJgClf8haxXmz0S0dI14r2ieWWeqUaP5PKnYFidcT97aC0OgKIIkXyVj9jaN1bMyo"
            },
            {
              "CompressionType": "",
              "DataType": "image/webp",
              "DownloadTime": 31,
              "EventId": 501,
              "HttpStatus": 200,
              "Size": 4050,
              "URL": "https://encrypted-tbn2.gstatic.com/shopping?q=tbn:ANd9GcS3phZFS6d9_okKjgmh8dzGXvNu7QUKp8qS1EEsnoBbmFtvoZejps7s7d98mMCTCBQwiuwZzkEeN0p0xVlbID0kkcLAK4owImaCW5TvCESH2A8tLgAXWT5z7Q"
            },
            {
              "CompressionType": "",
              "DataType": "image/webp",
              "DownloadTime": 31,
              "EventId": 487,
              "HttpStatus": 200,
              "Size": 5130,
              "URL": "https://encrypted-tbn2.gstatic.com/shopping?q=tbn:ANd9GcT4RmrgQf_fRiqWQGPaBqZT1NDeiAMe_9TsMIFcpu_6-qExp7g-l5TmWv2oGVla9mjF_K9yXYOTinwnNwq5mC-QTY3ZT8GL_wuk3HSql_k0q7xON3vSQwaY"
            },
            {
              "CompressionType": "",
              "DataType": "image/webp",
              "DownloadTime": 31,
              "EventId": 475,
              "HttpStatus": 200,
              "Size": 3844,
              "URL": "https://encrypted-tbn2.gstatic.com/shopping?q=tbn:ANd9GcTbhWNoyg0HbpajqyLlmysji3hZMSL9MGKugznfrf_2eCkzdEZGklM5a7vgRq7MdDr-xzHo8Z_oNztFuY6tVDhv9OwSOg7aVO-gAcj6dUI"
            },
            {
              "CompressionType": "",
              "DataType": "image/webp",
              "DownloadTime": 15,
              "EventId": 469,
              "HttpStatus": 200,
              "Size": 5614,
              "URL": "https://encrypted-tbn2.gstatic.com/shopping?q=tbn:ANd9GcR1-byi9ry85yEfVwaQZZ72HxVtfVsr3n92eoZ7l2WEAvlilvNHiE1iLtfUghofcRbfkIIlGPIeMi7ql6hjeXgR0wC6G-vDYiRpttIm7n0wTy0P1Y3phOpikQ"
            },
            {
              "CompressionType": "",
              "DataType": "image/webp",
              "DownloadTime": 63,
              "EventId": 457,
              "HttpStatus": 200,
              "Size": 4674,
              "URL": "https://encrypted-tbn2.gstatic.com/shopping?q=tbn:ANd9GcRy-dlw_ISW_ees-zMDtVJ0NnyYrJIo_lAD21fLPdER6oFcsHWthzv2c5zmSH1d1wk1bLiur9a3WnBxKxtShvRQmAp8nwIuZEbSEsamVsTLcbrIGWrxppkl"
            },
            {
              "CompressionType": "",
              "DataType": "image/webp",
              "DownloadTime": 47,
              "EventId": 455,
              "HttpStatus": 200,
              "Size": 4416,
              "URL": "https://encrypted-tbn2.gstatic.com/shopping?q=tbn:ANd9GcSkT1M68keF8By-l_5LEN4RofnuDtQVB7OYNG380YAg90X5hbj7MNrdy0s_L0aRK9sM0MUv1SNUMDcZEXQJf8Bdzp-i5WocsdZ8EErWhYCsVwGsjZAsKergOg"
            },
            {
              "CompressionType": "",
              "DataType": "image/webp",
              "DownloadTime": 31,
              "EventId": 448,
              "HttpStatus": 200,
              "Size": 4122,
              "URL": "https://encrypted-tbn2.gstatic.com/shopping?q=tbn:ANd9GcTpyDJBIA3cLbE5PFncE5DxOLeYpHdLVZXerS8_i9OJx-ZAES8j-UMeLN58ON0elxrBPIZlVufKkj1P_ASGtp3M7vIwjGOskzuM0e4LX4EYn109YX4GAZ8"
            }
          ],
          "SSLCipher": "TLS_AES_256_GCM_SHA384",
          "SSLVersion": "TLS1.3"
        },
        {
          "HTTPVersion": "HTTP/1.1",
          "IP": "142.250.183.238",
          "IncludeInScript": true,
          "Name": "encrypted-tbn1.gstatic.com",
          "Port": 443,
          "Requests": [
            {
              "CompressionType": "",
              "DataType": "image/webp",
              "DownloadTime": 31,
              "EventId": 493,
              "HttpStatus": 200,
              "Size": 3978,
              "URL": "https://encrypted-tbn1.gstatic.com/shopping?q=tbn:ANd9GcT__-rQVuXZifm1lC5kRP4u5W1tXkF98vCHXuuA4vNdodwvqOUbQn6Z-CgID3euuTEpmtz9vCirUEnxrDD5Vsa01SNY-K6sK-SOdyxNbMM"
            },
            {
              "CompressionType": "",
              "DataType": "image/webp",
              "DownloadTime": 15,
              "EventId": 481,
              "HttpStatus": 200,
              "Size": 4974,
              "URL": "https://encrypted-tbn1.gstatic.com/shopping?q=tbn:ANd9GcQlBWsa6tlUDkyeRiXYBneX8ZG7yY54t6vYT_z9_-U7LPqqU9pxej_WqAZCA-g9LpCXgu1YWFG_dazM10015K0Zqf5Tmx0bshv13N9-h-wPgytnKJLylr2dRA"
            },
            {
              "CompressionType": "",
              "DataType": "image/webp",
              "DownloadTime": 31,
              "EventId": 423,
              "HttpStatus": 200,
              "Size": 4956,
              "URL": "https://encrypted-tbn1.gstatic.com/shopping?q=tbn:ANd9GcQh1Dyu6Y3GWSVBG1xwq4CLTkMoYbv2CYiA3qnDW03M3-BTwJSLUS54LrdMyeAbqvXKnBRJsVU19Y3tvt5LGb6EKVs4SV0O5iSrXLtP3pxvHbfxNlkeh_ij"
            },
            {
              "CompressionType": "",
              "DataType": "image/webp",
              "DownloadTime": 32,
              "EventId": 408,
              "HttpStatus": 200,
              "Size": 3566,
              "URL": "https://encrypted-tbn1.gstatic.com/shopping?q=tbn:ANd9GcQ7xg6V0VpS7yqCscrggFJunl-7YW9VNR2lHHYY6WAwxUcaOYqiw8mTNeW67agVeVuPXcpqY5943ZmqGR5x1v3SqiNXBJlNwQDZImxTnQXsA53X2fJIZxU4"
            }
          ],
          "SSLCipher": "TLS_AES_256_GCM_SHA384",
          "SSLVersion": "TLS1.3"
        }
      ],
      "IncludeInScript": true
    }
  ],
  "WebSocket": {
    "IncludeInScript": false,
    "IsScriptIncludeWebSocket": false
  },
  "NumberOfCorrelations": 0
}