{"OutputFileHashSum":"B1993457DF4385DDBAB3CA4AE0E2522A5551A7710DA0AB9A31C3CF901F04AFAB","Converted":true,"OutputModifyDate":"2024-02-05T09:45:26.6000047Z","Metadatas":[{"CategoryName":"VuGen.Replay","Offset":531,"Length":23,"TypeId":1},{"CategoryName":"VuGen.Replay","Offset":887,"Length":125,"TypeId":2},{"CategoryName":"VuGen.Replay","Offset":1225,"Length":126,"TypeId":2},{"CategoryName":"VuGen.Replay","Offset":1542,"Length":126,"TypeId":2},{"CategoryName":"VuGen.Replay","Offset":1861,"Length":126,"TypeId":2},{"CategoryName":"VuGen.Replay","Offset":2323,"Length":126,"TypeId":2},{"CategoryName":"VuGen.Replay","Offset":2642,"Length":126,"TypeId":2},{"CategoryName":"VuGen.Replay","Offset":3104,"Length":126,"TypeId":2},{"CategoryName":"VuGen.Replay","Offset":3423,"Length":126,"TypeId":2},{"CategoryName":"VuGen.Replay","Offset":3742,"Length":126,"TypeId":2},{"CategoryName":"VuGen.Replay","Offset":4061,"Length":126,"TypeId":2},{"CategoryName":"VuGen.Replay","Offset":4381,"Length":126,"TypeId":2},{"CategoryName":"VuGen.Replay","Offset":4702,"Length":126,"TypeId":2},{"CategoryName":"VuGen.Replay","Offset":5024,"Length":127,"TypeId":2},{"CategoryName":"VuGen.Replay","Offset":5348,"Length":127,"TypeId":2},{"CategoryName":"VuGen.Replay","Offset":5672,"Length":127,"TypeId":2},{"CategoryName":"VuGen.Replay","Offset":5996,"Length":127,"TypeId":2},{"CategoryName":"VuGen.Replay","Offset":6274,"Length":21,"TypeId":1}],"MetadataTypes":[{"CategoryName":"VuGen.Replay","MetadataTypeName":"HP.LR.Vugen.Iteration","Id":1},{"CategoryName":"VuGen.Replay","MetadataTypeName":"Utt.Debugger.Warning","Id":2}]}