{
  "FilterHeaders": [
    {
      "Header": "x-goog-update-updater",
      "IncludeInScript": false
    },
    {
      "Header": "x-goog-update-interactivity",
      "IncludeInScript": false
    },
    {
      "Header": "x-goog-update-appid",
      "IncludeInScript": false
    },
    {
      "Header": "user-agent",
      "IncludeInScript": false
    },
    {
      "Header": "upgrade-insecure-requests",
      "IncludeInScript": false
    },
    {
      "Header": "sec-fetch-site",
      "IncludeInScript": false
    },
    {
      "Header": "sec-fetch-mode",
      "IncludeInScript": false
    },
    {
      "Header": "sec-fetch-dest",
      "IncludeInScript": false
    },
    {
      "Header": "sec-ch-ua-platform",
      "IncludeInScript": false
    },
    {
      "Header": "sec-ch-ua-mobile",
      "IncludeInScript": false
    },
    {
      "Header": "sec-ch-ua",
      "IncludeInScript": false
    },
    {
      "Header": "origin",
      "IncludeInScript": false
    },
    {
      "Header": "if-none-match",
      "IncludeInScript": false
    },
    {
      "Header": "if-modified-since",
      "IncludeInScript": false
    },
    {
      "Header": "accept-language",
      "IncludeInScript": false
    },
    {
      "Header": "accept-encoding",
      "IncludeInScript": false
    },
    {
      "Header": "accept",
      "IncludeInScript": false
    },
    {
      "Header": "a-im",
      "IncludeInScript": false
    }
  ],
  "FilterResources": [
    {
      "IsNonResource": true,
      "type": "text/html"
    },
    {
      "IsNonResource": false,
      "type": "text/css"
    },
    {
      "IsNonResource": false,
      "type": "image/png"
    },
    {
      "IsNonResource": true,
      "type": "application/json"
    },
    {
      "IsNonResource": false,
      "type": "application/javascript"
    }
  ],
  "GeneralInfo": {
    "BrowserVersion": "",
    "IsWinInetMode": false,
    "MaxUsedConnections": 12,
    "RecordedBrowser": "Chrome",
    "RecordingDate": "Feb-09-2024",
    "RecordingDuration": 107016,
    "RecordingMode": "N/A",
    "RecordingTimeStamp": 1707459717,
    "RecordingType": "Browser",
    "TotalBytesReceived": 226632,
    "TotalBytesSent": 21410,
    "TotalRequests": 21,
    "UserAgent": "Mozilla/5.0 (Windows NT 10.0; Win64; x64) AppleWebKit/537.36 (KHTML, like Gecko) Chrome/121.0.0.0 Safari/537.36"
  },
  "HostInfo": [
    {
      "DomainName": "uitestingplayground.com",
      "Domains": [
        {
          "HTTPVersion": "HTTP/1.1",
          "IP": "52.234.209.94",
          "IncludeInScript": true,
          "Name": "uitestingplayground.com",
          "Port": 80,
          "Requests": [
            {
              "CompressionType": "",
              "DataType": "",
              "DownloadTime": 282,
              "EventId": 168,
              "HttpStatus": 304,
              "Size": 0,
              "URL": "http://uitestingplayground.com/static/prism.js"
            },
            {
              "CompressionType": "",
              "DataType": "",
              "DownloadTime": 281,
              "EventId": 166,
              "HttpStatus": 304,
              "Size": 0,
              "URL": "http://uitestingplayground.com/static/style.css"
            },
            {
              "CompressionType": "",
              "DataType": "",
              "DownloadTime": 265,
              "EventId": 164,
              "HttpStatus": 304,
              "Size": 0,
              "URL": "http://uitestingplayground.com/static/cube.png"
            },
            {
              "CompressionType": "",
              "DataType": "",
              "DownloadTime": 281,
              "EventId": 162,
              "HttpStatus": 304,
              "Size": 0,
              "URL": "http://uitestingplayground.com/static/prism.css"
            },
            {
              "CompressionType": "gzip",
              "DataType": "text/html",
              "DownloadTime": 266,
              "EventId": 157,
              "HttpStatus": 200,
              "Size": 3068,
              "URL": "http://uitestingplayground.com/home"
            },
            {
              "CompressionType": "",
              "DataType": "",
              "DownloadTime": 265,
              "EventId": 150,
              "HttpStatus": 304,
              "Size": 0,
              "URL": "http://uitestingplayground.com/static/prism.js"
            },
            {
              "CompressionType": "",
              "DataType": "",
              "DownloadTime": 281,
              "EventId": 148,
              "HttpStatus": 304,
              "Size": 0,
              "URL": "http://uitestingplayground.com/static/style.css"
            },
            {
              "CompressionType": "",
              "DataType": "",
              "DownloadTime": 266,
              "EventId": 146,
              "HttpStatus": 304,
              "Size": 0,
              "URL": "http://uitestingplayground.com/static/prism.css"
            },
            {
              "CompressionType": "gzip",
              "DataType": "text/html",
              "DownloadTime": 282,
              "EventId": 139,
              "HttpStatus": 200,
              "Size": 1863,
              "URL": "http://uitestingplayground.com/dynamicid"
            },
            {
              "CompressionType": "",
              "DataType": "text/html",
              "DownloadTime": 281,
              "EventId": 107,
              "HttpStatus": 404,
              "Size": 150,
              "URL": "http://uitestingplayground.com/favicon.ico"
            },
            {
              "CompressionType": "",
              "DataType": "image/png",
              "DownloadTime": 265,
              "EventId": 94,
              "HttpStatus": 200,
              "Size": 324,
              "URL": "http://uitestingplayground.com/static/fork.png"
            },
            {
              "CompressionType": "",
              "DataType": "image/png",
              "DownloadTime": 282,
              "EventId": 51,
              "HttpStatus": 200,
              "Size": 171778,
              "URL": "http://uitestingplayground.com/static/cube.png"
            },
            {
              "CompressionType": "gzip",
              "DataType": "application/javascript",
              "DownloadTime": 282,
              "EventId": 48,
              "HttpStatus": 200,
              "Size": 5216,
              "URL": "http://uitestingplayground.com/static/prism.js"
            },
            {
              "CompressionType": "gzip",
              "DataType": "text/css",
              "DownloadTime": 266,
              "EventId": 46,
              "HttpStatus": 200,
              "Size": 952,
              "URL": "http://uitestingplayground.com/static/style.css"
            },
            {
              "CompressionType": "gzip",
              "DataType": "text/css",
              "DownloadTime": 265,
              "EventId": 43,
              "HttpStatus": 200,
              "Size": 1127,
              "URL": "http://uitestingplayground.com/static/prism.css"
            },
            {
              "CompressionType": "gzip",
              "DataType": "text/html",
              "DownloadTime": 266,
              "EventId": 19,
              "HttpStatus": 200,
              "Size": 3068,
              "URL": "http://uitestingplayground.com/"
            }
          ],
          "SSLCipher": "None",
          "SSLVersion": "None"
        }
      ],
      "IncludeInScript": true
    },
    {
      "DomainName": "jquery.com",
      "Domains": [
        {
          "HTTPVersion": "HTTP/1.1",
          "IP": "151.101.2.137",
          "IncludeInScript": true,
          "Name": "code.jquery.com",
          "Port": 443,
          "Requests": [
            {
              "CompressionType": "gzip",
              "DataType": "application/javascript",
              "DownloadTime": 31,
              "EventId": 66,
              "HttpStatus": 200,
              "Size": 30125,
              "URL": "https://code.jquery.com/jquery-3.2.1.min.js"
            }
          ],
          "SSLCipher": "TLS_AES_128_GCM_SHA256",
          "SSLVersion": "TLS1.3"
        }
      ],
      "IncludeInScript": true
    },
    {
      "DomainName": "googleapis.com",
      "Domains": [
        {
          "HTTPVersion": "HTTP/1.1",
          "IP": "142.250.205.227",
          "IncludeInScript": true,
          "Name": "update.googleapis.com",
          "Port": 443,
          "Requests": [
            {
              "CompressionType": "gzip",
              "DataType": "application/json",
              "DownloadTime": 218,
              "EventId": 152,
              "HttpStatus": 200,
              "Size": 171,
              "URL": "https://update.googleapis.com/service/update2/json"
            },
            {
              "CompressionType": "gzip",
              "DataType": "application/json",
              "DownloadTime": 250,
              "EventId": 134,
              "HttpStatus": 200,
              "Size": 1962,
              "URL": "https://update.googleapis.com/service/update2/json?cup2key=13:RNCRZJW8vDPp7WzIAnptvP0qJT1g_Qu4bLca4aKqiwk&cup2hreq=52e4a1737855b9ae891da710bb5509c0fc2dcee4e65515a7b0f91b2cc7084872"
            }
          ],
          "SSLCipher": "TLS_AES_256_GCM_SHA384",
          "SSLVersion": "TLS1.3"
        },
        {
          "HTTPVersion": "HTTP/1.1",
          "IP": "142.250.76.35",
          "IncludeInScript": true,
          "Name": "clientservices.googleapis.com",
          "Port": 443,
          "Requests": [
            {
              "CompressionType": "",
              "DataType": "",
              "DownloadTime": 219,
              "EventId": 17,
              "HttpStatus": 304,
              "Size": 0,
              "URL": "https://clientservices.googleapis.com/chrome-variations/seed?osname=win&channel=stable&milestone=121"
            }
          ],
          "SSLCipher": "TLS_AES_256_GCM_SHA384",
          "SSLVersion": "TLS1.3"
        }
      ],
      "IncludeInScript": true
    },
    {
      "DomainName": "github.io",
      "Domains": [
        {
          "HTTPVersion": "HTTP/1.1",
          "IP": "185.199.108.153",
          "IncludeInScript": true,
          "Name": "buttons.github.io",
          "Port": 443,
          "Requests": [
            {
              "CompressionType": "gzip",
              "DataType": "application/javascript",
              "DownloadTime": 16,
              "EventId": 63,
              "HttpStatus": 200,
              "Size": 6828,
              "URL": "https://buttons.github.io/buttons.js"
            }
          ],
          "SSLCipher": "TLS_AES_128_GCM_SHA256",
          "SSLVersion": "TLS1.3"
        }
      ],
      "IncludeInScript": true
    }
  ],
  "WebSocket": {
    "IncludeInScript": false,
    "IsScriptIncludeWebSocket": false
  },
  "NumberOfCorrelations": 0
}