[
    {
        "actionName": "Action",
        "steps": [
            {
                "stepId": "STEP1",
                "stepName": "Url: katalon-demo-cura.herokuapp.com",
                "infFile": "t1.inf",
                "time": 1707300881383
            },
            {
                "stepId": "STEP2",
                "stepName": "Custom Request: json",
                "infFile": "t2.inf",
                "time": 1707300883294
            },
            {
                "stepId": "STEP3",
                "stepName": "Custom Request: json_2",
                "infFile": "t3.inf",
                "time": 1707300883581
            },
            {
                "stepId": "STEP4",
                "stepName": "Url: profile.php",
                "infFile": "t4.inf",
                "time": 1707300883887
            },
            {
                "stepId": "STEP5",
                "stepName": "Submit Form: authenticate.php",
                "infFile": "t5.inf",
                "time": 1707300884657
            },
            {
                "stepId": "STEP6",
                "stepName": "Submit Form: appointment.php",
                "infFile": "t6.inf",
                "time": 1707300884953
            },
            {
                "stepId": "STEP7",
                "stepName": "Link: Logout",
                "infFile": "t7.inf",
                "time": 1707300885750
            }
        ],
        "transactions": []
    }
]