﻿<?xml version="1.0"?>
<!DOCTYPE Report
[
<!ELEMENT Report (General ,(Doc|BPT)) >
<!ATTLIST Report ver CDATA #REQUIRED tmZone CDATA #REQUIRED>

<!ELEMENT General ( DocLocation ) >
<!ATTLIST General productName CDATA #REQUIRED productVer CDATA #REQUIRED os CDATA #REQUIRED host CDATA #REQUIRED qcserver CDATA #IMPLIED qcproject CDATA #IMPLIED SolManSolutionId CDATA #IMPLIED SolManProjectId CDATA #IMPLIED SolManTestPlanId CDATA #IMPLIED SolManTestPackageId CDATA #IMPLIED SolManUserInfoData CDATA #IMPLIED  >

<!ELEMENT BPT (DName,Res,DVer?,TSet?,TInst?,NodeArgs,AdditionalInfo*,Doc*) >
<!ATTLIST BPT rID ID #REQUIRED >

<!ELEMENT Doc (DName,ConfName?,Res,DVer?,TSet?,TInst?,RunType?,DT?,AdditionalInfo*,Step*,DIter*,Step*,Action*,Doc*,Summary?,TestMaintenanceSummary*,NodeArgs?) >
<!ATTLIST Doc rID ID #REQUIRED type (Test|BC|BPTWrapperTest|Flow|Group|Action) "Test" productName CDATA #REQUIRED BCIter CDATA #IMPLIED >

<!ELEMENT RunType ( #PCDATA )>
<!ATTLIST RunType fmStep (False|True) "False" batch (False|True) "False" upDesc (False|True) "False" upChk (False|True) "False" upAS (False|True) "False">

<!ELEMENT DName ( #PCDATA ) >

<!ELEMENT ConfName ( #PCDATA ) >

<!ELEMENT Res ( #PCDATA ) >

<!ELEMENT AdditionalInfo (AdditionalDataName,AdditionalDataValue ) >

<!ELEMENT AdditionalDataName ( #PCDATA ) >

<!ELEMENT AdditionalDataValue ( #PCDATA ) >

<!ELEMENT DVer ( #PCDATA ) >

<!ELEMENT TSet ( #PCDATA ) >

<!ELEMENT TInst ( #PCDATA ) >

<!ELEMENT DIter (Step*,Action+,Summary?,NodeArgs)>
<!ATTLIST DIter rID ID #REQUIRED iterID CDATA #REQUIRED>

<!ELEMENT DocLocation ( #PCDATA )>

<!ELEMENT Action (AName,AIter*,(Step|HtmlStep|Action)*, Summary,ActionMaintenanceSummary*, NodeArgs ) >
<!ATTLIST Action rID ID #REQUIRED>

<!ELEMENT AIter ((Step|HtmlStep|Action)*,DataMapping?, Summary?,NodeArgs) >
<!ATTLIST AIter rID ID #REQUIRED iterID CDATA #REQUIRED isCountable (False|True) "False" >

<!ELEMENT AName ( #PCDATA ) >

<!ELEMENT TestMaintenanceSummary (ActionMaintenanceSummary*) >
<!ATTLIST TestMaintenanceSummary ObjectsAdded CDATA #REQUIRED ObjectsUpdated CDATA #REQUIRED StepsUpdated CDATA #REQUIRED StepsComments CDATA #REQUIRED><!ELEMENT ActionMaintenanceSummary (ObjectChange* ) >
<!ATTLIST ActionMaintenanceSummary Action CDATA #REQUIRED Objects CDATA #REQUIRED Updated CDATA #REQUIRED LinesTotal CDATA #REQUIRED Added CDATA #REQUIRED LinesUpdated CDATA #REQUIRED>

<!ELEMENT ObjectChange  (Hierarchy, PropertyChangeList* ) >
<!ATTLIST ObjectChange Operation CDATA #IMPLIED OriginalRepository CDATA #IMPLIED>

<!ELEMENT PropertyChangeList (PropertyDef*) >

<!ELEMENT PropertyDef (OriginalValue, NewValue) >
<!ATTLIST PropertyDef PropName CDATA #REQUIRED OriginRegularExpression (True|False) "False" NewRegularExpression (True|False) "False" AddedProperty (True|False) "False" >

<!ELEMENT OriginalValue ( #PCDATA )>

<!ELEMENT NewValue ( #PCDATA )>

<!ELEMENT Hierarchy  (ObjectName, Hierarchy*) >
<!ATTLIST Hierarchy MicClass CDATA #REQUIRED>

<!ELEMENT ObjectName  ( #PCDATA ) >

<!ELEMENT Step (Obj,Details,Time,TimeTick* ,(Step|HtmlStep|Doc)*, DataMapping?, NodeArgs) >
<!ATTLIST Step rID ID #REQUIRED retval CDATA #IMPLIED>

<!ELEMENT HtmlStep (HTML,TimeTick*,(Step|HtmlStep|Doc)*,NodeArgs) >
<!ATTLIST HtmlStep rID ID #REQUIRED >

<!ELEMENT Obj ( #PCDATA ) >
<!ATTLIST Obj plainTxt (False|True) "True">

<!ELEMENT Details ( #PCDATA ) >
<!ATTLIST Details plainTxt (False|True) "True">

<!ELEMENT Time ( #PCDATA ) >

<!ELEMENT HTML ( #PCDATA ) >

<!ELEMENT Disp ( #PCDATA ) >

<!ELEMENT TimeTick ( #PCDATA ) >

<!ELEMENT DataMapping ( DataMappedItem* )>
<!ELEMENT DataMappedItem EMPTY >
<!ATTLIST DataMappedItem dsName CDATA #REQUIRED >
<!ATTLIST DataMappedItem rowId CDATA #REQUIRED >

<!ELEMENT NodeArgs (Disp,TopPane?,BtmPane?,ExtendedInfo? )>
<!ATTLIST NodeArgs eType CDATA #REQUIRED icon CDATA #REQUIRED nRep CDATA #REQUIRED UserNote CDATA #IMPLIED filter (False|True) "True">
<!ATTLIST NodeArgs status (Passed|Failed|Done|Warning|Information) "Done">
<!ATTLIST NodeArgs iconSel CDATA #IMPLIED nType CDATA #IMPLIED MovieMarker CDATA "">
<!ATTLIST NodeArgs Source CDATA #IMPLIED SourceLine CDATA #IMPLIED StepFlowItemKey CDATA #IMPLIED >

<!ELEMENT TopPane (Path)>

<!ELEMENT BtmPane ( (Path|WR)?,ASHilite?)>
<!ATTLIST BtmPane vType CDATA "HTML">

<!ELEMENT Path ( #PCDATA ) >

<!ELEMENT ASHilite ( #PCDATA ) >

<!ELEMENT WR ( #PCDATA ) >

<!ELEMENT ExtendedInfo ( StepData ) >

<!ATTLIST ExtendedInfo StepType CDATA #REQUIRED>
<!ELEMENT DT (NodeArgs) >
<!ATTLIST DT rID ID #REQUIRED>

<!ELEMENT Summary (Param*)>
<!ATTLIST Summary sTime CDATA #IMPLIED eTime CDATA #IMPLIED passed CDATA #IMPLIED failed CDATA #IMPLIED warnings CDATA #IMPLIED retval CDATA #IMPLIED stopped (False|True) "False" >

<!ELEMENT Param (ParamName,ParamVal)+ >
<!ATTLIST Param paramInOut (In|Out) "In">

<!ELEMENT ParamName ( #PCDATA ) >

<!ELEMENT ParamVal ( #PCDATA ) >

]
>
<Report ver="2.0" tmZone="India Standard Time">
<General productName="Vugen" productVer="2023" os="" host="6229218A93FC56B"><DocLocation><![CDATA[D:\LR Scripts\Google_sln\Google_script]]></DocLocation></General>
<Doc rID="T1"   productName= "Vugen"  >
<DName><![CDATA[Google_script]]></DName>
<Res><![CDATA[result1]]></Res>
<Action rID="T2">
<AName><![CDATA[vuser_init]]></AName>
<Summary sTime="05-02-2024 - 15:14:53" eTime="05-02-2024 - 15:14:53" passed="0" failed="0" warnings="0" ></Summary>
<NodeArgs eType="StartAction" icon="2" nRep="5" >
<Disp><![CDATA[vuser_init Summary]]></Disp>
</NodeArgs>
</Action>
<DIter rID="T3" iterID="1" >
<Action rID="T4">
<AName><![CDATA[Action]]></AName>
<Step rID="T5">
<Obj plainTxt="False" ><![CDATA[Service: Set Sockets Option]]></Obj>
<Details plainTxt="False" ><![CDATA[<CENTER>Set socket option <STRONG><FONT COLOR=#00AF00>SSL_VERSION</FONT></STRONG> with value <STRONG><FONT COLOR=#00AF00>AUTO</FONT></STRONG></CENTER>]]></Details>
<Time><![CDATA[05-02-2024 - 15:14:53]]></Time>
<TimeTick>1707126293</TimeTick>
<NodeArgs eType="General" icon="4" nRep="9" >
<Disp><![CDATA[Service: Set Sockets Option]]></Disp>
</NodeArgs>
</Step>
<Step rID="T6">
<Obj plainTxt="False" ><![CDATA[Url: 4UaGrENHsxJlGDuGo1OIlL3Owp4.woff2]]></Obj>
<Details plainTxt="False" ><![CDATA[<CENTER><STRONG><FONT COLOR=#009A63>Resource loaded successfully</FONT></STRONG></CENTER>]]></Details>
<Time><![CDATA[05-02-2024 - 15:14:55]]></Time>
<TimeTick>1707126295</TimeTick>
<NodeArgs eType="General" icon="5" nRep="10" status="Passed" >
<Disp><![CDATA[Url: 4UaGrENHsxJlGDuGo1OIlL3Owp4.woff2]]></Disp>
</NodeArgs>
</Step>
<Step rID="T7">
<Obj plainTxt="False" ><![CDATA[Url: shopping]]></Obj>
<Details plainTxt="False" ><![CDATA[<CENTER><STRONG><FONT COLOR=#009A63>Resource loaded successfully</FONT></STRONG></CENTER>]]></Details>
<Time><![CDATA[05-02-2024 - 15:14:57]]></Time>
<TimeTick>1707126297</TimeTick>
<NodeArgs eType="General" icon="5" nRep="11" status="Passed" >
<Disp><![CDATA[Url: shopping]]></Disp>
</NodeArgs>
</Step>
<Step rID="T8">
<Obj plainTxt="False" ><![CDATA[Url: shopping_2]]></Obj>
<Details plainTxt="False" ><![CDATA[<CENTER><STRONG><FONT COLOR=#009A63>Resource loaded successfully</FONT></STRONG></CENTER>]]></Details>
<Time><![CDATA[05-02-2024 - 15:14:59]]></Time>
<TimeTick>1707126299</TimeTick>
<NodeArgs eType="General" icon="5" nRep="12" status="Passed" >
<Disp><![CDATA[Url: shopping_2]]></Disp>
</NodeArgs>
</Step>
<Step rID="T9">
<Obj plainTxt="False" ><![CDATA[Url: shopping_3]]></Obj>
<Details plainTxt="False" ><![CDATA[<CENTER><STRONG><FONT COLOR=#009A63>Resource loaded successfully</FONT></STRONG></CENTER>]]></Details>
<Time><![CDATA[05-02-2024 - 15:15:01]]></Time>
<TimeTick>1707126301</TimeTick>
<NodeArgs eType="General" icon="5" nRep="13" status="Passed" >
<Disp><![CDATA[Url: shopping_3]]></Disp>
</NodeArgs>
</Step>
<Step rID="T10">
<Obj plainTxt="False" ><![CDATA[Service: Set Sockets Option]]></Obj>
<Details plainTxt="False" ><![CDATA[<CENTER>Set socket option <STRONG><FONT COLOR=#00AF00>TLS_SNI</FONT></STRONG> with value <STRONG><FONT COLOR=#00AF00>0</FONT></STRONG></CENTER>]]></Details>
<Time><![CDATA[05-02-2024 - 15:15:01]]></Time>
<TimeTick>1707126301</TimeTick>
<NodeArgs eType="General" icon="4" nRep="14" >
<Disp><![CDATA[Service: Set Sockets Option]]></Disp>
</NodeArgs>
</Step>
<Step rID="T11">
<Obj plainTxt="False" ><![CDATA[Url: shopping_4]]></Obj>
<Details plainTxt="False" ><![CDATA[<CENTER><STRONG><FONT COLOR=#009A63>Resource loaded successfully</FONT></STRONG></CENTER>]]></Details>
<Time><![CDATA[05-02-2024 - 15:15:03]]></Time>
<TimeTick>1707126303</TimeTick>
<NodeArgs eType="General" icon="5" nRep="15" status="Passed" >
<Disp><![CDATA[Url: shopping_4]]></Disp>
</NodeArgs>
</Step>
<Step rID="T12">
<Obj plainTxt="False" ><![CDATA[Url: shopping_5]]></Obj>
<Details plainTxt="False" ><![CDATA[<CENTER><STRONG><FONT COLOR=#009A63>Resource loaded successfully</FONT></STRONG></CENTER>]]></Details>
<Time><![CDATA[05-02-2024 - 15:15:06]]></Time>
<TimeTick>1707126306</TimeTick>
<NodeArgs eType="General" icon="5" nRep="16" status="Passed" >
<Disp><![CDATA[Url: shopping_5]]></Disp>
</NodeArgs>
</Step>
<Step rID="T13">
<Obj plainTxt="False" ><![CDATA[Service: Set Sockets Option]]></Obj>
<Details plainTxt="False" ><![CDATA[<CENTER>Set socket option <STRONG><FONT COLOR=#00AF00>TLS_SNI</FONT></STRONG> with value <STRONG><FONT COLOR=#00AF00>1</FONT></STRONG></CENTER>]]></Details>
<Time><![CDATA[05-02-2024 - 15:15:06]]></Time>
<TimeTick>1707126306</TimeTick>
<NodeArgs eType="General" icon="4" nRep="17" >
<Disp><![CDATA[Service: Set Sockets Option]]></Disp>
</NodeArgs>
</Step>
<Step rID="T14">
<Obj plainTxt="False" ><![CDATA[Url: shopping_6]]></Obj>
<Details plainTxt="False" ><![CDATA[<CENTER><STRONG><FONT COLOR=#009A63>Resource loaded successfully</FONT></STRONG></CENTER>]]></Details>
<Time><![CDATA[05-02-2024 - 15:15:08]]></Time>
<TimeTick>1707126308</TimeTick>
<NodeArgs eType="General" icon="5" nRep="18" status="Passed" >
<Disp><![CDATA[Url: shopping_6]]></Disp>
</NodeArgs>
</Step>
<Step rID="T15">
<Obj plainTxt="False" ><![CDATA[Url: shopping_7]]></Obj>
<Details plainTxt="False" ><![CDATA[<CENTER><STRONG><FONT COLOR=#009A63>Resource loaded successfully</FONT></STRONG></CENTER>]]></Details>
<Time><![CDATA[05-02-2024 - 15:15:10]]></Time>
<TimeTick>1707126310</TimeTick>
<NodeArgs eType="General" icon="5" nRep="19" status="Passed" >
<Disp><![CDATA[Url: shopping_7]]></Disp>
</NodeArgs>
</Step>
<Step rID="T16">
<Obj plainTxt="False" ><![CDATA[Url: shopping_8]]></Obj>
<Details plainTxt="False" ><![CDATA[<CENTER><STRONG><FONT COLOR=#009A63>Resource loaded successfully</FONT></STRONG></CENTER>]]></Details>
<Time><![CDATA[05-02-2024 - 15:15:12]]></Time>
<TimeTick>1707126312</TimeTick>
<NodeArgs eType="General" icon="5" nRep="20" status="Passed" >
<Disp><![CDATA[Url: shopping_8]]></Disp>
</NodeArgs>
</Step>
<Step rID="T17">
<Obj plainTxt="False" ><![CDATA[Url: shopping_9]]></Obj>
<Details plainTxt="False" ><![CDATA[<CENTER><STRONG><FONT COLOR=#009A63>Resource loaded successfully</FONT></STRONG></CENTER>]]></Details>
<Time><![CDATA[05-02-2024 - 15:15:14]]></Time>
<TimeTick>1707126314</TimeTick>
<NodeArgs eType="General" icon="5" nRep="21" status="Passed" >
<Disp><![CDATA[Url: shopping_9]]></Disp>
</NodeArgs>
</Step>
<Step rID="T18">
<Obj plainTxt="False" ><![CDATA[Url: shopping_10]]></Obj>
<Details plainTxt="False" ><![CDATA[<CENTER><STRONG><FONT COLOR=#009A63>Resource loaded successfully</FONT></STRONG></CENTER>]]></Details>
<Time><![CDATA[05-02-2024 - 15:15:16]]></Time>
<TimeTick>1707126316</TimeTick>
<NodeArgs eType="General" icon="5" nRep="22" status="Passed" >
<Disp><![CDATA[Url: shopping_10]]></Disp>
</NodeArgs>
</Step>
<Step rID="T19">
<Obj plainTxt="False" ><![CDATA[Url: shopping_11]]></Obj>
<Details plainTxt="False" ><![CDATA[<CENTER><STRONG><FONT COLOR=#009A63>Resource loaded successfully</FONT></STRONG></CENTER>]]></Details>
<Time><![CDATA[05-02-2024 - 15:15:18]]></Time>
<TimeTick>1707126318</TimeTick>
<NodeArgs eType="General" icon="5" nRep="23" status="Passed" >
<Disp><![CDATA[Url: shopping_11]]></Disp>
</NodeArgs>
</Step>
<Step rID="T20">
<Obj plainTxt="False" ><![CDATA[Url: shopping_12]]></Obj>
<Details plainTxt="False" ><![CDATA[<CENTER><STRONG><FONT COLOR=#009A63>Resource loaded successfully</FONT></STRONG></CENTER>]]></Details>
<Time><![CDATA[05-02-2024 - 15:15:20]]></Time>
<TimeTick>1707126320</TimeTick>
<NodeArgs eType="General" icon="5" nRep="24" status="Passed" >
<Disp><![CDATA[Url: shopping_12]]></Disp>
</NodeArgs>
</Step>
<Step rID="T21">
<Obj plainTxt="False" ><![CDATA[Url: shopping_13]]></Obj>
<Details plainTxt="False" ><![CDATA[<CENTER><STRONG><FONT COLOR=#009A63>Resource loaded successfully</FONT></STRONG></CENTER>]]></Details>
<Time><![CDATA[05-02-2024 - 15:15:22]]></Time>
<TimeTick>1707126322</TimeTick>
<NodeArgs eType="General" icon="5" nRep="25" status="Passed" >
<Disp><![CDATA[Url: shopping_13]]></Disp>
</NodeArgs>
</Step>
<Step rID="T22">
<Obj plainTxt="False" ><![CDATA[Url: shopping_14]]></Obj>
<Details plainTxt="False" ><![CDATA[<CENTER><STRONG><FONT COLOR=#009A63>Resource loaded successfully</FONT></STRONG></CENTER>]]></Details>
<Time><![CDATA[05-02-2024 - 15:15:24]]></Time>
<TimeTick>1707126324</TimeTick>
<NodeArgs eType="General" icon="5" nRep="26" status="Passed" >
<Disp><![CDATA[Url: shopping_14]]></Disp>
</NodeArgs>
</Step>
<Step rID="T23">
<Obj plainTxt="False" ><![CDATA[Url: shopping_15]]></Obj>
<Details plainTxt="False" ><![CDATA[<CENTER><STRONG><FONT COLOR=#009A63>Resource loaded successfully</FONT></STRONG></CENTER>]]></Details>
<Time><![CDATA[05-02-2024 - 15:15:26]]></Time>
<TimeTick>1707126326</TimeTick>
<NodeArgs eType="General" icon="5" nRep="27" status="Passed" >
<Disp><![CDATA[Url: shopping_15]]></Disp>
</NodeArgs>
</Step>
<Summary sTime="05-02-2024 - 15:14:53" eTime="05-02-2024 - 15:15:26" passed="16" failed="0" warnings="0" ></Summary>
<NodeArgs eType="StartAction" icon="2" nRep="8" status="Passed" >
<Disp><![CDATA[Action Summary]]></Disp>
</NodeArgs>
</Action>
<NodeArgs eType="StartIteration" icon="3" nRep="7" status="Passed" >
<Disp><![CDATA[Google_script Iteration 1 (Row 1)]]></Disp>
</NodeArgs>
</DIter>
<Action rID="T24">
<AName><![CDATA[vuser_end]]></AName>
<Summary sTime="05-02-2024 - 15:15:26" eTime="05-02-2024 - 15:15:26" passed="0" failed="0" warnings="0" ></Summary>
<NodeArgs eType="StartAction" icon="2" nRep="30" >
<Disp><![CDATA[vuser_end Summary]]></Disp>
</NodeArgs>
</Action>
<Summary sTime="05-02-2024 - 15:14:53" eTime="05-02-2024 - 15:15:26" passed="16" failed="0" warnings="0" ></Summary>
<NodeArgs eType="StartTest" icon="1" nRep="4" status="Passed" >
<Disp><![CDATA[Test Google_script Summary]]></Disp>
</NodeArgs>
</Doc>
</Report>