{"OutputFileHashSum":"232CFD3F3147C867891A3B4028B57BB20FC895651B7ADC41452FA6904A45A4C9","Converted":true,"OutputModifyDate":"2024-02-09T05:01:00.1188125Z","Metadatas":[{"CategoryName":"VuGen.Replay","Offset":2010,"Length":88,"TypeId":1},{"CategoryName":"VuGen.Replay","Offset":2098,"Length":88,"TypeId":1},{"CategoryName":"VuGen.Replay","Offset":2956,"Length":88,"TypeId":1},{"CategoryName":"VuGen.Replay","Offset":3044,"Length":88,"TypeId":1},{"CategoryName":"VuGen.Replay","Offset":3507,"Length":23,"TypeId":2},{"CategoryName":"VuGen.Replay","Offset":3530,"Length":226,"TypeId":1},{"CategoryName":"VuGen.Replay","Offset":7841,"Length":21,"TypeId":2}],"MetadataTypes":[{"CategoryName":"VuGen.Replay","MetadataTypeName":"Utt.Debugger.Warning","Id":1},{"CategoryName":"VuGen.Replay","MetadataTypeName":"HP.LR.Vugen.Iteration","Id":2}]}