{"OutputFileHashSum":"94E502A2C131D1B2131CC18D80BDFCA22D582C79D6A4C69C263D7E2C32C193CF","Converted":true,"OutputModifyDate":"2024-02-09T07:01:32.5522635Z","Metadatas":[],"MetadataTypes":[{"CategoryName":"VuGen.Replay","MetadataTypeName":"Utt.Debugger.Error","Id":1},{"CategoryName":"VuGen.Replay","MetadataTypeName":"Utt.Debugger.Warning","Id":2},{"CategoryName":"VuGen.Replay","MetadataTypeName":"HP.LR.Vugen.Iteration","Id":3},{"CategoryName":"VuGen.Replay","MetadataTypeName":"HP.LR.Vugen.Warning","Id":4}]}