[
    {
        "actionName": "Action",
        "steps": [
            {
                "stepId": "STEP2",
                "stepName": "Custom Request: json",
                "infFile": "t3.inf",
                "time": 1707462091030
            },
            {
                "stepId": "STEP3",
                "stepName": "Url: dynamicid",
                "infFile": "t4.inf",
                "time": 1707462091693
            },
            {
                "stepId": "STEP4",
                "stepName": "Custom Request: json_2",
                "infFile": "t5.inf",
                "time": 1707462091945
            }
        ],
        "transactions": []
    }
]