<?xml version="1.0" encoding="utf-8"?>
<VugenScriptMetadata>
  <ScriptName>Script1</ScriptName>
  <Protocol>Web - HTTP/HTML</Protocol>
  <ActionFiles>
    <FileEntry Name="vuser_init.c" Filter="2" />
    <FileEntry Name="Action.c" Filter="2" />
    <FileEntry Name="vuser_end.c" Filter="2" />
  </ActionFiles>
  <GeneralFiles>
    <FileEntry Name="Script1.usr" Filter="4" />
    <FileEntry Name="default.cfg" Filter="4" />
    <FileEntry Name="default.usp" Filter="4" />
    <FileEntry Name="Script1.prm" Filter="2" />
    <FileEntry Name="globals.h" Filter="2" />
    <FileEntry Name="LogCred.dat" Filter="2" />
    <FileEntry Name="locred.dat" Filter="2" />
    <FileEntry Name="combined_Script1.c" Filter="2" />
    <FileEntry Name="pre_cci.c" Filter="2" />
    <FileEntry Name="181458179440.idx" Filter="1" />
    <FileEntry Name="18145817944_0ro.625.idx" Filter="1" />
    <FileEntry Name="18145817944_4b5.328.idx" Filter="1" />
    <FileEntry Name="18145817944_a4w.563.idx" Filter="1" />
    <FileEntry Name="18145817944_B1Z.327.idx" Filter="1" />
    <FileEntry Name="18145817944_eOs.411.idx" Filter="1" />
    <FileEntry Name="18145817944_kcK.995.idx" Filter="1" />
    <FileEntry Name="18145817944_mJj.267.idx" Filter="1" />
    <FileEntry Name="18145817944_xBA.319.idx" Filter="1" />
    <FileEntry Name="18145817944_Y9T.325.idx" Filter="1" />
    <FileEntry Name="3858425440.idx" Filter="1" />
    <FileEntry Name="91477260440.idx" Filter="1" />
    <FileEntry Name="Bookmarks.xml" Filter="1" />
    <FileEntry Name="Breakpoints.xml" Filter="1" />
    <FileEntry Name="CompilerLogMetadata.xml" Filter="1" />
    <FileEntry Name="custom_body_variables.txt" Filter="1" />
    <FileEntry Name="logfile.log" Filter="1" />
    <FileEntry Name="Logincred.dat" Filter="1" />
    <FileEntry Name="lrw_custom_body.h" Filter="1" />
    <FileEntry Name="mdrv.log" Filter="1" />
    <FileEntry Name="mdrv_cmd.txt" Filter="1" />
    <FileEntry Name="options.txt" Filter="1" />
    <FileEntry Name="output.bak" Filter="1" />
    <FileEntry Name="output.txt" Filter="1" />
    <FileEntry Name="OutputColoringDatabase.json" Filter="1" />
    <FileEntry Name="ReplaySummaryReport.xml" Filter="1" />
    <FileEntry Name="Script1.c.pickle" Filter="1" />
    <FileEntry Name="Script1.ci" Filter="1" />
    <FileEntry Name="Script1.prm.bak" Filter="1" />
    <FileEntry Name="ScriptUploadMetadata.xml" Filter="1" />
    <FileEntry Name="ThumbnailsCache.tmp" Filter="1" />
    <FileEntry Name="TransactionsData.db" Filter="1" />
    <FileEntry Name="username(1).dat" Filter="1" />
    <FileEntry Name="username.dat" Filter="1" />
    <FileEntry Name="UserTasks.xml" Filter="1" />
    <FileEntry Name="data\" Filter="1" />
    <FileEntry Name="result1\" Filter="1" />
  </GeneralFiles>
</VugenScriptMetadata>